Time		FC3,FCZ,FC4,C3 ,Cz ,C4 ,CP3,CPz,CP4
Hi13:12:3:335466,-5,-5,-5,-5,-5,-5,-5,-5,-5
13:12:3:337460,-5,-5,-5,-5,-5,-5,-5,-5,-5
13:12:3:339473,-5,-5,-5,-5,-5,-5,-5,-5,-5
13:12:3:341557,-5,-5,-5,-5,-5,-5,-5,-5,-5
13:12:3:342555,-5,-5,-5,-5,-5,-5,-5,-5,-5
13:12:3:344424,-5,-5,-5,-5,-5,-5,-5,-5,-5
13:12:3:345947,-5,-5,-5,-5,-5,-5,-5,-5,-5
13:12:3:361059,-5,-5,-5,-5,-5,-5,-5,-5,-5
13:12:3:376432,-5,-5,-5,-5,-5,-5,-5,-5,-5
13:12:3:377494,-5,-5,-5,-5,-5,-5,-5,-5,-5
13:12:3:381716,-5,-5,-5,-5,-5,-5,-5,-5,-5
13:12:3:382697,-5,-5,-5,-5,-5,-5,-5,-5,-5
13:12:3:383893,-5,-5,-5,-5,-5,-5,-5,-5,-5
13:12:3:387576,-5,-5,-5,-5,-5,-5,-5,-5,-5
13:12:3:397763,-5,-5,-5,-5,-5,-5,-5,-5,-5
13:12:3:400613,-5,-5,-5,-5,-5,-5,-5,-5,-5
13:12:3:402425,-5,-5,-5,-5,-5,-5,-5,-5,-5
13:12:3:403421,-5,-5,-5,-5,-5,-5,-5,-5,-5
13:12:3:407862,-5,-5,-5,-5,-5,-5,-5,-5,-5
13:12:3:410244,-5,-5,-5,-5,-5,-5,-5,-5,-5
13:12:3:411288,-5,-5,-5,-5,-5,-5,-5,-5,-5
13:12:3:413988,-5,-5,-5,-5,-5,-5,-5,-5,-5
13:12:3:416566,-5,-5,-5,-5,-5,-5,-5,-5,-5
13:12:3:419563,-5,-5,-5,-5,-5,-5,-5,-5,-5
13:12:3:421993,-5,-5,-5,-5,-5,-5,-5,-5,-5
13:12:3:422991,-5,-5,-5,-5,-5,-5,-5,-5,-5
13:12:3:424524,-5,-5,-5,-5,-5,-5,-5,-5,-5
13:12:3:426443,-5,-5,-5,-5,-5,-5,-5,-5,-5
13:12:3:427682,-5,-5,-5,-5,-5,-5,-5,-5,-5
13:12:3:428714,-5,-5,-5,-5,-5,-5,-5,-5,-5
13:12:3:429711,-5,-5,-5,-5,-5,-5,-5,-5,-5
13:12:3:429711,-5,-5,-5,-5,-5,-5,-5,-5,-5
13:12:3:429711,-5,-5,-5,-5,-5,-5,-5,-5,-5
13:12:3:429711,-5,-5,-5,-5,-5,-5,-5,-5,-5
13:12:3:435672,-5,-5,-5,-5,-5,-5,-5,-5,-5
13:12:3:436902,-5,-5,-5,-5,-5,-5,-5,-5,-5
13:12:3:437942,-5,-5,-5,-5,-5,-5,-5,-5,-5
13:12:3:437942,-5,-5,-5,-5,-5,-5,-5,-5,-5
13:12:3:437942,-5,-5,-5,-5,-5,-5,-5,-5,-5
13:12:3:442059,-5,-5,-5,-5,-5,-5,-5,-5,-5
13:12:3:443042,-5,-5,-5,-5,-5,-5,-5,-5,-5
13:12:3:444068,-5,-5,-5,-5,-5,-5,-5,-5,-5
13:12:3:444068,-5,-5,-5,-5,-5,-5,-5,-5,-5
13:12:3:444068,-5,-5,-5,-5,-5,-5,-5,-5,-5
13:12:3:447434,-5,-5,-5,-5,-5,-5,-5,-5,-5
13:12:3:449432,-5,-5,-5,-5,-5,-5,-5,-5,-5
13:12:3:450429,-5,-5,-5,-5,-5,-5,-5,-5,-5
13:12:3:452420,-5,-5,-5,-5,-5,-5,-5,-5,-5
13:12:3:453482,-5,-5,-5,-5,-5,-5,-5,-5,-5
13:12:3:455326,-5,-5,-5,-5,-5,-5,-5,-5,-5
13:12:3:455326,-5,-5,-5,-5,-5,-5,-5,-5,-5
13:12:3:455326,-5,-5,-5,-5,-5,-5,-5,-5,-5
13:12:3:455326,-5,-5,-5,-5,-5,-5,-5,-5,-5
13:12:3:460514,-5,-5,-5,-5,-5,-5,-5,-5,-5
13:12:3:462506,-5,-5,-5,-5,-5,-5,-5,-5,-5
13:12:3:463507,-5,-5,-5,-5,-5,-5,-5,-5,-5
13:12:3:463507,-5,-5,-5,-5,-5,-5,-5,-5,-5
13:12:3:463507,-5,-5,-5,-5,-5,-5,-5,-5,-5
13:12:3:467724,-5,-5,-5,-5,-5,-5,-5,-5,-5
13:12:3:468780,-5,-5,-5,-5,-5,-5,-5,-5,-5
13:12:3:469946,-5,-5,-5,-5,-5,-5,-5,-5,-5
13:12:3:469946,-5,-5,-5,-5,-5,-5,-5,-5,-5
13:12:3:469946,-5,-5,-5,-5,-5,-5,-5,-5,-5
13:12:3:474730,-5,-5,-5,-5,-5,-5,-5,-5,-5
13:12:3:476726,-5,-5,-5,-5,-5,-5,-5,-5,-5
13:12:3:477722,-5,-5,-5,-5,-5,-5,-5,-5,-5
13:12:3:477722,-5,-5,-5,-5,-5,-5,-5,-5,-5
13:12:3:477722,-5,-5,-5,-5,-5,-5,-5,-5,-5
13:12:3:481981,-5,-5,-5,-5,-5,-5,-5,-5,-5
13:12:3:482993,-5,-5,-5,-5,-5,-5,-5,-5,-5
13:12:3:485362,-5,-5,-5,-5,-5,-5,-5,-5,-5
13:12:3:485362,-5,-5,-5,-5,-5,-5,-5,-5,-5
13:12:3:488390,-5,-5,-5,-5,-5,-5,-5,-5,-5
13:12:3:489386,-5,-5,-5,-5,-5,-5,-5,-5,-5
13:12:3:490384,-5,-5,-5,-5,-5,-5,-5,-5,-5
13:12:3:492657,-5,-5,-5,-5,-5,-5,-5,-5,-5
13:12:3:493818,-5,-5,-5,-5,-5,-5,-5,-5,-5
13:12:3:495213,-5,-5,-5,-5,-5,-5,-5,-5,-5
13:12:3:496516,-5,-5,-5,-5,-5,-5,-5,-5,-5
13:12:3:497513,-5,-5,-5,-5,-5,-5,-5,-5,-5
13:12:3:498509,-5,-5,-5,-5,-5,-5,-5,-5,-5
13:12:3:498509,-5,-5,-5,-5,-5,-5,-5,-5,-5
13:12:3:501330,-5,-5,-5,-5,-5,-5,-5,-5,-5
13:12:3:502464,-5,-5,-5,-5,-5,-5,-5,-5,-5
13:12:3:503775,-5,-5,-5,-5,-5,-5,-5,-5,-5
13:12:3:504827,-5,-5,-5,-5,-5,-5,-5,-5,-5
13:12:3:505824,-5,-5,-5,-5,-5,-5,-5,-5,-5
13:12:3:505824,-5,-5,-5,-5,-5,-5,-5,-5,-5
13:12:3:505824,-5,-5,-5,-5,-5,-5,-5,-5,-5
13:12:3:510147,-5,-5,-5,-5,-5,-5,-5,-5,-5
13:12:3:510147,-5,-5,-5,-5,-5,-5,-5,-5,-5
13:12:3:510147,-5,-5,-5,-5,-5,-5,-5,-5,-5
13:12:3:510147,-5,-5,-5,-5,-5,-5,-5,-5,-5
13:12:3:510147,-5,-5,-5,-5,-5,-5,-5,-5,-5
13:12:3:516054,-5,-5,-5,-5,-5,-5,-5,-5,-5
13:12:3:517057,-5,-5,-5,-5,-5,-5,-5,-5,-5
13:12:3:518892,-5,-5,-5,-5,-5,-5,-5,-5,-5
13:12:3:518892,-5,-5,-5,-5,-5,-5,-5,-5,-5
13:12:3:518892,-5,-5,-5,-5,-5,-5,-5,-5,-5
13:12:3:518892,-5,-5,-5,-5,-5,-5,-5,-5,-5
13:12:3:522877,-5,-5,-5,-5,-5,-5,-5,-5,-5
13:12:4:31810,-5,-5,-5,-5,-5,-5,-5,-5,-5
13:12:4:545928,-5,-5,-5,-5,-5,-5,-5,-5,-5
13:12:5:35851,-5,-5,-5,-5,-5,-5,-5,-5,-5
13:12:5:536628,-5,-5,-5,-5,-5,-5,-5,-5,-5
13:12:6:609727,-5,-5,-5,-5,-5,-5,-5,-5,-5
13:12:7:246033,-5,-5,-5,-5,-5,-5,-5,-5,-5
13:12:7:919501,-5,-5,-5,-5,-5,-5,-5,-5,-5
13:12:8:405745,-5,-5,-5,-5,-5,-5,-5,-5,-5
13:12:9:332041,-5,-5,-5,-5,-5,-5,-5,-5,-5
13:12:9:675733,-5,-5,-5,-5,-5,-5,-5,-5,-5
13:12:10:180770,-5,-5,-5,-5,-5,-5,-5,-5,-5
13:12:10:685195,-5,-5,-5,-5,-5,-5,-5,-5,-5
13:12:11:192603,-5,-5,-5,-5,-5,-5,-5,-5,-5
13:12:11:710824,-5,-5,-5,-5,-5,-5,-5,-5,-5
13:12:12:214201,-5,-5,-5,-5,-5,-5,-5,-5,-5
13:12:12:730840,-5,-5,-5,-5,-5,-5,-5,-5,-5
13:12:13:242096,-5,-5,-5,-5,-5,-5,-5,-5,-5
13:12:13:729899,-5,-5,-5,-5,-5,-5,-5,-5,-5
13:12:14:678285,-5,-5,-5,-5,-5,-5,-5,-5,-5
13:12:15:348069,-5,-5,-5,-5,-5,-5,-5,-5,-5
13:12:16:24614,-5,-5,-5,-5,-5,-5,-5,-5,-5
13:12:16:613211,-5,-5,-5,-5,-5,-5,-5,-5,-5
13:12:17:123069,-5,-5,-5,-5,-5,-5,-5,-5,-5
13:12:18:14520,-5,-5,-5,-5,-5,-5,-5,-5,-5
13:12:18:384026,-5,-5,-5,-5,-5,-5,-5,-5,-5
13:12:18:735395,-5,-5,-5,-5,-5,-5,-5,-5,-5
13:12:19:220179,-5,-5,-5,-5,-5,-5,-5,-5,-5
13:12:19:761086,-5,-5,-5,-5,-5,-5,-5,-5,-5
13:12:20:272249,-5,-5,-5,-5,-5,-5,-5,-5,-5
13:12:20:934174,-5,-5,-5,-5,-5,-5,-5,-5,-5
13:12:21:720178,-5,-5,-5,-5,-5,-5,-5,-5,-5
13:12:22:103875,-5,-5,-5,-5,-5,-5,-5,-5,-5
13:12:22:565521,-5,-5,-5,-5,-5,-5,-5,-5,-5
13:12:23:497988,-5,-5,-5,-5,-5,-5,-5,-5,-5
13:12:23:887812,-5,-5,-5,-5,-5,-5,-5,-5,-5
13:12:24:385037,-5,-5,-5,-5,-5,-5,-5,-5,-5
13:12:24:970784,-5,-5,-5,-5,-5,-5,-5,-5,-5
13:12:25:472510,-5,-5,-5,-5,-5,-5,-5,-5,-5
13:12:25:973862,-5,-5,-5,-5,-5,-5,-5,-5,-5
13:12:26:485543,-5,-5,-5,-5,-5,-5,-5,-5,-5
13:12:26:996048,-5,-5,-5,-5,-5,-5,-5,-5,-5
13:12:27:506199,-5,-5,-5,-5,-5,-5,-5,-5,-5
13:12:27:993176,-5,-5,-5,-5,-5,-5,-5,-5,-5
13:12:28:511247,-5,-5,-5,-5,-5,-5,-5,-5,-5
13:12:28:999170,-5,-5,-5,-5,-5,-5,-5,-5,-5
13:12:29:513859,-5,-5,-5,-5,-5,-5,-5,-5,-5
13:12:30:19856,-5,-5,-5,-5,-5,-5,-5,-5,-5
13:12:30:532553,-5,-5,-5,-5,-5,-5,-5,-5,-5
13:12:31:26821,-5,-5,-5,-5,-5,-5,-5,-5,-5
13:12:31:544137,-5,-5,-5,-5,-5,-5,-5,-5,-5
13:12:32:80353,-5,-5,-5,-5,-5,-5,-5,-5,-5
13:12:32:599524,-5,-5,-5,-5,-5,-5,-5,-5,-5
13:12:33:77735,-5,-5,-5,-5,-5,-5,-5,-5,-5
13:12:34:240778,-5,-5,-5,-5,-5,-5,-5,-5,-5
13:12:34:916002,-5,-5,-5,-5,-5,-5,-5,-5,-5
13:12:35:582266,-5,-5,-5,-5,-5,-5,-5,-5,-5
13:12:36:103865,-5,-5,-5,-5,-5,-5,-5,-5,-5
13:12:36:598269,-5,-5,-5,-5,-5,-5,-5,-5,-5
13:12:37:105596,-5,-5,-5,-5,-5,-5,-5,-5,-5
13:12:37:662201,-5,-5,-5,-5,-5,-5,-5,-5,-5
13:12:38:296407,-5,-5,-5,-5,-5,-5,-5,-5,-5
13:12:38:948559,-5,-5,-5,-5,-5,-5,-5,-5,-5
13:12:39:449059,-5,-5,-5,-5,-5,-5,-5,-5,-5
13:12:39:955504,-5,-5,-5,-5,-5,-5,-5,-5,-5
13:12:40:458126,-5,-5,-5,-5,-5,-5,-5,-5,-5
13:12:40:969717,-5,-5,-5,-5,-5,-5,-5,-5,-5
13:12:41:482250,-5,-5,-5,-5,-5,-5,-5,-5,-5
13:12:42:49504,-5,-5,-5,-5,-5,-5,-5,-5,-5
13:12:42:568176,-5,-5,-5,-5,-5,-5,-5,-5,-5
13:12:43:93857,-5,-5,-5,-5,-5,-5,-5,-5,-5
13:12:43:613392,-5,-5,-5,-5,-5,-5,-5,-5,-5
13:12:44:460398,-5,-5,-5,-5,-5,-5,-5,-5,-5
13:12:44:796693,-5,-5,-5,-5,-5,-5,-5,-5,-5
13:12:45:386629,-5,-5,-5,-5,-5,-5,-5,-5,-5
13:12:45:905909,-5,-5,-5,-5,-5,-5,-5,-5,-5
13:12:46:437879,-5,-5,-5,-5,-5,-5,-5,-5,-5
13:12:46:956976,-5,-5,-5,-5,-5,-5,-5,-5,-5
13:12:47:493707,-5,-5,-5,-5,-5,-5,-5,-5,-5
13:12:47:998386,-5,-5,-5,-5,-5,-5,-5,-5,-5
13:12:48:556475,-5,-5,-5,-5,-5,-5,-5,-5,-5
13:12:49:77130,-5,-5,-5,-5,-5,-5,-5,-5,-5
13:12:49:593845,-5,-5,-5,-5,-5,-5,-5,-5,-5
13:12:50:349858,-5,-5,-5,-5,-5,-5,-5,-5,-5
13:12:50:928061,-5,-5,-5,-5,-5,-5,-5,-5,-5
13:12:51:347899,-5,-5,-5,-5,-5,-5,-5,-5,-5
13:12:52:6137,-5,-5,-5,-5,-5,-5,-5,-5,-5
13:12:52:528654,-5,-5,-5,-5,-5,-5,-5,-5,-5
13:12:53:39642,-5,-5,-5,-5,-5,-5,-5,-5,-5
13:12:53:591077,-5,-5,-5,-5,-5,-5,-5,-5,-5
13:12:54:111479,-5,-5,-5,-5,-5,-5,-5,-5,-5
13:12:54:628076,-5,-5,-5,-5,-5,-5,-5,-5,-5
13:12:55:134604,-5,-5,-5,-5,-5,-5,-5,-5,-5
13:12:55:512150,-5,-5,-5,-5,-5,-5,-5,-5,-5
13:12:55:838044,-5,-5,-5,-5,-5,-5,-5,-5,-5
13:12:56:153312,-5,-5,-5,-5,-5,-5,-5,-5,-5
13:12:56:454481,56,146,231,2,3,76,167,117,186
13:12:56:622173,82,26,181,112,1,149,190,14,5
13:12:56:723737,253,148,62,151,247,24,46,151,8
13:12:56:827210,108,32,255,12,104,162,13,199,106
13:12:56:930184,45,242,168,49,234,119,170,245,50
13:12:57:33590,16,35,94,73,136,30,79,146,252
13:12:57:141908,20,179,6,159,136,182,140,76,234
13:12:57:240994,177,251,192,48,81,175,247,84,177
13:12:57:343203,124,148,199,41,131,218,117,240,250
13:12:57:450830,2,185,118,104,179,120,210,196,229
13:12:58:8284,37,173,132,69,193,143,108,189,205
13:12:58:132990,159,132,249,107,87,141,5,27,48
13:12:58:245234,203,62,132,15,231,253,220,61,8
13:12:58:350062,192,89,82,22,157,229,78,228,13
13:12:58:470369,201,40,229,183,199,80,199,128,11
13:12:58:577541,228,177,28,178,145,158,78,101,186
13:12:58:684026,91,160,175,97,189,21,1,168,194
13:12:58:789399,127,176,66,142,74,174,180,48,152
13:12:58:897166,40,55,171,52,125,254,150,51,4
13:12:59:2568,175,58,171,157,128,45,140,130,204
13:12:59:112002,50,254,123,205,44,22,216,112,1
13:12:59:219187,70,189,128,13,97,226,105,160,231
13:12:59:324967,146,139,184,117,150,236,66,177,247
13:12:59:436126,193,23,39,213,178,49,25,170,97
13:12:59:546148,132,193,118,72,43,96,196,223,69
13:12:59:660138,19,210,206,33,152,202,185,87,11
13:12:59:767238,228,215,110,50,93,1,120,4,24
13:12:59:872320,127,58,222,115,36,193,204,155,172
13:12:59:978332,72,178,151,174,151,13,219,161,92
13:13:0:92280,126,24,17,3,57,121,237,14,98
13:13:0:195379,186,42,217,166,151,101,196,75,144
13:13:0:467422,240,125,158,196,209,195,78,132,90
13:13:0:603295,27,155,211,165,141,80,38,148,82
13:13:0:729338,218,139,153,147,173,167,238,62,77
13:13:0:832338,10,35,15,150,37,90,255,6,229
13:13:0:937081,244,27,161,34,137,195,40,102,97
13:13:1:40998,134,32,191,108,148,170,98,118,170
13:13:1:283107,237,11,130,121,70,46,174,192,115
13:13:1:395019,184,149,40,57,158,3,105,157,193
13:13:1:504353,161,239,253,206,74,24,138,191,110
13:13:1:610890,102,78,54,6,188,39,89,53,8
13:13:1:809013,135,77,250,161,106,241,210,255,180
13:13:1:915539,54,31,129,207,191,51,1,157,253
13:13:2:82374,235,182,35,240,129,19,227,241,34
13:13:2:199043,62,166,103,92,182,204,109,205,41
13:13:2:310017,158,142,212,235,80,51,225,111,39
13:13:2:428167,27,35,158,109,238,128,80,26,142
13:13:2:543254,119,119,25,191,105,114,215,97,159
13:13:2:699412,208,204,101,91,190,228,99,168,169
13:13:2:828878,25,207,74,194,172,241,137,229,193
13:13:2:945049,49,174,251,14,5,210,238,29,32
13:13:3:56291,243,199,232,20,98,18,18,84,244
13:13:3:170972,119,129,45,243,225,131,232,33,181
13:13:3:288511,50,47,227,151,70,202,153,191,146
13:13:3:395973,250,93,186,74,209,251,242,244,235
13:13:3:508019,175,179,68,225,75,167,193,71,108
13:13:3:614148,16,207,126,112,177,230,35,192,2
13:13:3:723256,73,145,197,4,143,23,8,98,57
13:13:3:844954,114,143,154,224,152,198,60,141,250
13:13:3:975203,89,26,192,48,64,238,174,32,52
13:13:4:102910,42,50,255,135,249,104,86,28,181
13:13:4:236048,156,212,88,186,194,176,148,82,88
13:13:4:353180,48,196,245,244,67,140,60,36,214
13:13:4:467475,115,132,138,85,88,9,109,78,92
13:13:4:582163,164,178,192,94,117,161,109,168,106
13:13:4:702244,93,60,233,144,234,175,157,180,66
13:13:4:844988,119,254,255,246,121,158,43,165,12
13:13:4:971975,248,55,85,244,106,49,150,158,90
13:13:5:77961,141,89,248,184,67,142,12,200,213
13:13:5:185964,18,3,43,124,4,104,247,63,233
13:13:5:305963,228,137,211,211,248,92,108,234,120
13:13:5:444148,59,55,38,249,130,118,74,183,10
13:13:5:554147,240,7,228,198,7,32,154,35,17
13:13:5:660543,124,232,49,62,63,234,87,101,103
13:13:5:764025,56,64,81,208,59,253,186,175,127
13:13:5:896419,179,127,208,141,7,38,209,195,117
13:13:6:2459,24,124,178,49,49,176,63,121,102
13:13:6:107844,16,100,173,164,71,65,253,238,92
13:13:6:223958,77,40,184,153,224,95,202,229,224
13:13:6:641165,12,127,66,146,88,62,33,76,85
13:13:6:767215,231,203,120,203,65,146,19,232,44
13:13:6:894231,111,73,224,113,91,210,38,159,191
13:13:7:25373,208,117,60,103,26,249,118,58,124
13:13:7:127307,115,104,52,233,79,77,128,60,194
13:13:7:236466,123,199,36,221,55,121,65,19,203
13:13:7:346768,245,222,225,69,170,137,196,208,149
13:13:7:472276,235,207,250,39,6,46,236,142,203
13:13:7:585066,8,113,1,131,256,218,186,167,250
13:13:7:701326,202,101,95,137,108,156,97,135,15
13:13:7:808114,239,182,45,191,194,134,224,255,160
13:13:7:917009,124,185,256,189,108,68,179,253,157
13:13:8:51909,67,113,183,100,54,136,108,14,40
13:13:8:158086,92,9,104,214,207,250,210,21,68
13:13:8:263027,126,214,211,166,209,197,161,101,203
13:13:8:365414,69,165,107,139,181,223,71,134,72
13:13:8:467841,217,75,217,2,80,253,138,127,243
13:13:8:576809,198,37,162,205,28,256,170,224,124
13:13:8:682816,22,8,173,216,12,106,147,195,153
13:13:8:793958,160,243,84,45,1,203,6,188,66
13:13:8:933275,43,191,168,112,9,25,156,73,48
13:13:9:417169,96,164,9,114,139,122,238,162,53
13:13:9:842567,166,152,87,209,24,52,86,89,196
13:13:10:3368,185,233,249,36,54,117,34,29,136
13:13:10:167239,83,26,64,201,173,9,61,117,185
13:13:10:328230,48,227,153,203,111,127,16,251,148
13:13:10:490093,74,106,153,164,198,234,75,84,126
13:13:10:658500,28,78,254,152,176,115,107,40,127
13:13:10:865373,107,147,106,113,122,142,144,253,66
13:13:11:49163,131,152,100,20,123,216,227,129,68
13:13:11:203957,206,161,127,94,58,112,119,138,220
13:13:11:354806,21,95,130,151,65,73,96,6,1
13:13:11:494119,58,155,56,20,2,178,31,161,110
13:13:11:628317,196,102,212,14,85,91,69,117,72
13:13:11:760492,120,17,141,90,82,226,109,9,116
13:13:11:889874,156,202,256,11,146,152,228,121,85
13:13:12:45826,41,143,48,104,19,120,22,39,235
13:13:12:217400,34,26,107,231,158,5,167,170,213
13:13:12:347269,249,52,247,239,245,165,149,139,205
13:13:12:478339,224,127,157,62,106,145,193,176,199
13:13:12:613661,210,106,136,40,153,162,111,111,36
13:13:12:747471,245,230,129,174,121,153,79,160,116
13:13:12:878745,199,192,192,146,229,8,179,120,122
13:13:13:8171,146,68,212,218,35,28,250,99,219
13:13:13:137252,182,20,136,154,242,194,15,73,212
13:13:13:260338,255,5,239,3,117,32,69,146,121
13:13:13:379465,107,57,82,98,153,224,203,91,160
13:13:13:583532,40,96,194,214,89,177,33,17,210
13:13:13:871980,72,211,127,107,103,147,106,90,198
13:13:14:41276,191,27,123,128,23,91,205,20,124
13:13:14:181414,195,245,70,25,7,151,193,97,184
13:13:14:322294,107,186,45,209,17,54,143,47,109
13:13:14:465941,22,103,33,219,187,177,221,149,145
13:13:14:648344,147,138,238,238,85,236,120,177,190
13:13:14:822972,244,7,96,98,79,117,161,136,40
13:13:14:976575,4,160,7,218,0,11,235,68,219
13:13:15:192255,131,95,171,181,83,43,241,49,1
13:13:15:616012,163,102,126,30,129,70,182,66,97
13:13:16:253289,151,240,156,228,151,118,1,143,49
13:13:16:488437,92,233,224,113,252,206,96,35,79
13:13:16:703080,25,149,14,0,149,21,55,208,21
13:13:16:899285,69,206,106,159,200,52,69,175,196
13:13:17:124601,128,140,234,208,21,221,107,243,215
13:13:17:330120,172,141,61,157,225,143,241,238,193
13:13:17:518112,190,223,80,150,38,193,113,88,1
13:13:17:720036,120,230,236,21,249,205,86,103,33
13:13:17:859997,247,3,18,92,197,68,82,224,124
13:13:17:999962,4,54,135,28,246,58,82,13,253
13:13:18:136980,183,247,90,163,0,49,202,56,86
13:13:18:269857,182,158,224,190,12,120,238,107,244
13:13:18:401161,178,218,6,208,228,102,161,106,225
13:13:18:536450,50,44,219,214,255,10,217,137,65
13:13:18:661215,132,14,88,40,159,158,34,74,117
13:13:18:778913,188,113,95,201,173,32,78,212,4
13:13:18:967459,136,181,113,176,211,185,103,242,198
13:13:19:100752,205,50,146,171,14,207,72,246,156
13:13:19:236311,127,147,244,161,13,38,22,118,36
13:13:19:367681,160,1,209,34,149,115,96,95,108
13:13:19:497506,37,153,129,239,238,54,157,176,10
13:13:19:625506,101,186,243,124,110,243,151,98,83
13:13:19:779115,172,210,49,256,73,151,186,136,231
13:13:19:974986,20,126,242,27,67,216,188,40,122
13:13:20:155222,129,132,253,46,121,98,38,245,21
13:13:20:331975,7,88,36,254,161,55,234,126,15
13:13:20:743136,38,197,140,141,66,16,171,228,188
13:13:21:258675,15,164,96,246,171,199,159,12,156
13:13:21:587531,55,193,23,34,176,7,129,2,107
13:13:21:789642,71,195,184,46,39,152,200,194,59
13:13:21:943131,242,152,218,223,108,225,183,86,33
13:13:22:130153,239,176,159,62,35,250,92,204,13
13:13:22:308077,193,30,185,249,240,143,16,202,25
13:13:22:490981,210,114,1,252,229,8,175,51,19
13:13:22:716051,202,67,202,156,33,156,198,120,95
13:13:22:881211,239,246,138,254,62,141,210,104,24
13:13:23:78614,150,50,90,228,123,141,180,187,157
13:13:23:236288,130,143,31,52,165,230,182,197,196
13:13:23:406070,33,98,79,120,248,211,251,134,110
13:13:23:556288,80,111,119,155,192,238,74,100,36
13:13:23:704954,130,64,181,17,150,43,174,62,185
13:13:23:846950,113,7,66,82,26,46,163,160,51
13:13:23:982061,87,201,100,54,35,97,184,71,108
13:13:24:111511,27,69,2,66,142,217,225,88,147
13:13:24:238036,239,221,192,70,40,72,35,24,26
13:13:24:364256,162,227,247,242,222,149,177,8,69
13:13:24:484182,54,209,4,182,150,64,236,115,36
13:13:24:604157,241,153,139,16,56,23,92,197,255
13:13:24:754636,52,54,64,130,160,185,28,234,231
13:13:24:927929,38,85,39,52,11,31,28,180,114
13:13:25:48494,227,95,132,4,105,128,3,3,119
13:13:25:172146,64,25,65,102,110,177,153,39,159
13:13:25:290122,140,21,0,93,212,234,162,178,43
13:13:25:415559,181,142,81,211,83,187,34,71,80
13:13:25:533592,172,29,169,62,92,190,51,190,215
13:13:25:651907,29,138,108,69,38,192,67,136,78
13:13:25:767415,134,56,236,165,243,145,228,34,173
13:13:25:888648,184,31,149,246,230,76,124,191,105
13:13:26:3663,221,175,75,73,135,126,62,46,195
13:13:26:122584,33,33,233,239,209,256,177,89,178
13:13:26:243389,62,27,52,167,204,3,163,85,103
13:13:26:361286,245,252,123,188,208,46,222,116,183
13:13:26:480691,205,222,211,131,70,6,212,188,27
13:13:26:601125,66,22,107,145,12,250,62,201,123
13:13:26:716362,246,27,19,44,117,5,221,180,103
13:13:26:832248,37,247,51,117,134,22,178,24,166
13:13:26:948368,90,26,153,149,139,192,6,210,32
13:13:27:66966,118,7,54,221,105,233,223,85,198
13:13:27:185326,223,43,93,47,236,226,71,243,160
13:13:27:306879,3,152,253,23,43,40,134,191,206
13:13:27:427986,156,120,128,13,143,211,6,93,157
13:13:27:547551,104,153,215,215,37,120,154,195,215
13:13:27:668307,198,130,218,81,52,20,62,253,6
13:13:27:787555,34,99,243,70,76,231,236,11,15
13:13:27:907977,51,237,190,237,131,148,250,182,91
13:13:28:32050,115,90,148,107,211,40,95,153,165
13:13:28:151966,218,91,172,134,72,104,44,133,155
13:13:28:273210,48,256,183,49,40,160,110,226,125
13:13:28:390309,55,65,126,183,16,63,30,202,128
13:13:28:507079,190,92,181,46,47,12,85,102,32
13:13:28:623375,7,29,23,94,70,216,36,149,52
13:13:28:740955,22,43,202,199,120,199,140,202,225
13:13:28:858782,60,201,132,91,121,188,228,9,227
13:13:28:980399,71,162,19,3,118,220,254,130,30
13:13:29:97113,70,4,170,103,17,35,239,142,56
13:13:29:212140,19,154,224,118,120,245,226,209,12
13:13:29:326852,255,203,140,65,190,194,24,213,79
13:13:29:505629,247,210,237,35,50,161,157,139,67
13:13:29:627597,148,35,7,111,224,98,71,208,241
13:13:29:745162,117,148,221,75,53,155,35,186,152
13:13:29:875914,0,176,11,249,27,217,71,141,207
13:13:30:3077,235,160,41,37,13,19,58,127,230
13:13:30:130865,89,42,142,49,213,249,29,80,211
13:13:30:254160,179,102,168,56,56,53,177,162,145
13:13:30:378152,4,237,185,75,201,13,60,102,224
13:13:30:500934,208,194,179,176,7,157,20,22,9
13:13:30:617018,166,212,128,131,155,69,180,0,154
13:13:30:739667,91,223,134,245,137,120,83,221,32
13:13:30:901694,161,211,48,246,198,130,205,52,89
13:13:31:395698,75,52,30,179,27,48,147,109,167
13:13:31:680531,211,129,48,77,148,129,82,6,121
13:13:31:857665,202,181,112,194,93,165,136,12,221
13:13:32:43618,76,189,199,5,164,25,146,95,232
13:13:32:279036,56,195,80,169,192,44,214,11,70
13:13:32:477181,76,175,94,142,114,142,98,11,255
13:13:32:655349,205,14,32,229,114,137,42,116,197
13:13:32:792184,227,119,140,218,76,235,80,53,183
13:13:32:929482,122,87,3,159,256,55,186,120,164
13:13:33:63074,165,238,215,104,225,200,58,229,69
13:13:33:190995,123,55,63,178,162,170,94,190,199
13:13:33:318938,152,236,175,74,58,131,244,126,66
13:13:33:449105,197,228,206,38,55,99,157,168,100
13:13:33:569954,13,77,133,30,196,207,14,232,100
13:13:33:695450,100,53,33,59,143,184,41,62,216
13:13:33:815963,7,231,19,200,179,78,203,155,87
13:13:33:936310,61,161,115,191,177,57,197,67,154
13:13:34:61931,51,24,160,251,86,14,70,202,71
13:13:34:186264,210,63,231,41,44,60,18,232,244
13:13:34:306198,30,115,148,51,71,123,85,22,238
13:13:34:425268,161,173,79,21,167,124,194,194,70
13:13:34:543405,245,10,157,100,97,41,147,247,224
13:13:34:663461,171,138,239,188,57,57,53,23,194
13:13:34:784309,125,236,46,52,103,49,238,226,175
13:13:34:907073,144,225,115,242,14,1,212,117,132
13:13:35:26491,136,115,185,191,16,24,126,11,198
13:13:35:142181,162,255,204,59,124,152,221,118,156
13:13:35:259899,255,54,154,55,35,109,53,6,122
13:13:35:376356,231,92,239,10,204,189,251,170,105
13:13:35:494521,156,167,110,210,244,26,116,34,237
13:13:35:683151,189,171,204,135,6,233,43,66,253
13:13:35:808456,155,99,46,191,186,103,97,166,220
13:13:35:932247,111,18,73,4,35,155,24,25,48
13:13:36:51160,32,206,90,56,60,244,220,151,187
13:13:36:170506,133,168,135,43,150,206,240,46,148
13:13:36:290071,232,22,148,129,243,247,108,142,149
13:13:36:407127,143,27,231,213,38,49,54,191,181
13:13:36:527949,178,120,54,82,8,121,6,119,142
13:13:36:652127,199,131,203,190,235,56,171,246,14
13:13:36:772931,201,189,220,228,252,68,147,196,58
13:13:36:894923,198,167,134,140,190,96,168,96,232
13:13:37:19116,210,40,213,3,53,26,109,255,255
13:13:37:147864,219,94,7,31,101,38,30,245,233
13:13:37:270894,111,185,253,46,121,14,54,61,86
13:13:37:406287,0,60,145,220,107,154,75,224,97
13:13:37:533906,199,89,171,163,1,118,47,83,5
13:13:37:650913,136,229,208,51,141,235,142,131,235
13:13:37:764484,161,192,47,129,218,226,3,156,113
13:13:37:882991,254,183,57,226,54,55,96,116,146
13:13:37:995003,180,100,165,55,256,158,100,220,256
13:13:38:109438,115,90,186,185,232,39,191,217,213
13:13:38:226267,21,82,178,37,149,149,225,91,143
13:13:38:348579,111,95,111,195,146,93,108,253,184
13:13:38:460891,255,180,210,40,78,41,241,209,202
13:13:38:571869,231,189,27,53,226,69,177,104,222
13:13:38:687170,136,26,234,178,204,124,0,131,200
13:13:38:793695,89,30,49,220,248,115,34,162,191
13:13:38:910931,195,73,219,6,231,185,185,30,155
13:13:39:22845,42,46,133,30,207,252,20,18,57
13:13:39:169978,205,163,11,180,188,92,96,134,255
13:13:39:515615,82,74,109,187,206,39,150,85,157
13:13:39:947986,114,140,51,232,47,150,57,253,206
13:13:40:110226,117,76,64,159,39,121,101,93,84
13:13:40:266849,116,162,65,66,132,44,251,121,178
13:13:40:468063,123,149,159,52,238,123,227,95,162
13:13:40:650302,111,165,75,167,204,214,64,83,66
13:13:40:808378,218,154,212,123,58,206,57,160,19
13:13:40:977045,108,83,135,175,195,216,193,155,211
13:13:41:133326,87,135,218,164,92,15,20,144,17
13:13:41:289019,250,216,128,19,243,110,114,89,176
13:13:41:430077,188,193,124,30,1,180,4,6,220
13:13:41:566853,44,212,211,181,135,125,206,36,12
13:13:41:697933,132,191,155,190,142,12,175,156,21
13:13:41:825961,49,32,63,207,74,19,183,141,174
13:13:41:953174,48,70,102,172,37,98,18,224,48
13:13:42:85856,31,90,76,19,106,179,44,251,28
13:13:42:212067,200,185,19,85,20,147,105,48,200
13:13:42:341240,234,165,252,211,33,229,48,100,150
13:13:42:470235,103,34,59,20,169,228,85,226,96
13:13:42:595074,162,233,34,112,73,109,213,207,174
13:13:42:722277,155,24,250,226,180,204,48,254,184
13:13:42:846633,56,60,217,111,51,5,9,140,116
13:13:42:972275,70,19,130,21,46,190,63,181,38
13:13:43:96990,244,57,47,227,77,159,104,103,182
13:13:43:221921,110,103,150,158,212,26,236,240,24
13:13:43:338999,62,123,203,230,242,214,0,224,12
13:13:43:454048,36,113,74,141,98,219,217,175,136
13:13:43:569783,82,79,124,20,82,39,236,104,60
13:13:43:683229,96,225,98,155,116,72,50,80,162
13:13:43:874227,140,206,41,5,157,175,233,24,244
13:13:43:993897,183,77,116,189,172,67,176,80,50
13:13:44:112492,41,130,34,153,244,103,173,205,3
13:13:44:233220,188,209,53,108,213,94,72,70,47
13:13:44:350406,7,114,136,148,30,179,67,20,71
13:13:44:464099,183,63,47,253,112,76,140,61,144
13:13:44:577894,214,173,15,148,173,234,154,222,87
13:13:44:693078,224,122,169,66,56,193,205,31,134
13:13:44:810722,121,4,245,79,218,52,175,119,236
13:13:44:922800,203,101,197,20,141,129,131,21,28
13:13:45:36226,229,143,187,190,166,172,187,71,51
13:13:45:150207,139,102,89,40,117,142,200,138,55
13:13:45:267263,34,155,208,85,31,7,195,168,196
13:13:45:384117,63,133,197,253,253,156,34,89,164
13:13:45:505638,105,60,61,251,58,145,253,173,226
13:13:45:624256,218,239,73,171,89,190,59,27,239
13:13:45:742288,114,51,90,184,202,230,236,142,25
13:13:45:859220,88,182,233,58,78,32,19,211,30
13:13:45:987240,78,178,115,187,63,244,121,95,133
13:13:46:132223,187,186,134,100,220,94,65,224,171
13:13:46:251058,137,5,192,185,0,140,109,253,190
13:13:46:368562,160,133,10,207,45,48,18,32,193
13:13:46:485289,196,0,79,226,69,64,92,90,26
13:13:46:603040,10,17,240,64,216,209,173,67,43
13:13:46:733095,53,212,119,15,136,23,208,88,216
13:13:46:853367,24,87,168,135,127,210,182,36,242
13:13:46:971294,127,253,57,40,23,83,244,237,76
13:13:47:87503,249,14,156,35,238,216,103,31,233
13:13:47:204325,97,204,225,114,138,234,146,222,199
13:13:47:322324,83,183,61,249,24,126,75,26,193
13:13:47:439233,45,229,121,52,17,4,34,58,118
13:13:47:555448,146,81,69,78,59,250,68,49,148
13:13:47:676217,166,56,218,31,134,157,67,228,213
13:13:47:794248,127,193,191,250,178,22,45,118,230
13:13:47:910175,74,182,196,91,58,139,180,60,123
13:13:48:29722,54,146,151,14,255,106,66,55,196
13:13:48:149106,67,84,163,18,120,240,208,143,204
13:13:48:263365,219,73,90,252,145,205,177,112,113
13:13:48:380954,157,0,68,57,108,122,208,55,219
13:13:48:502248,73,256,202,228,66,239,10,215,108
13:13:48:619261,164,21,74,81,42,119,3,213,78
13:13:48:737322,104,174,97,41,121,94,93,248,8
13:13:48:853161,203,129,196,69,18,116,238,243,89
13:13:48:973202,252,155,244,89,221,251,249,192,22
13:13:49:91070,128,214,112,233,12,62,20,52,239
13:13:49:217330,6,109,137,101,45,14,38,180,93
13:13:49:331280,146,51,4,70,72,161,221,58,148
13:13:49:443301,93,221,117,33,207,174,150,22,39
13:13:49:553259,18,60,100,230,2,5,41,102,133
13:13:49:665242,49,58,1,51,187,223,85,144,12
13:13:49:783082,12,198,100,216,192,84,21,182,97
13:13:49:905437,90,100,232,241,217,206,76,254,15
13:13:50:30854,67,138,161,204,176,226,78,205,221
13:13:50:152854,117,180,31,244,41,58,91,205,33
13:13:50:286385,106,112,141,127,114,171,256,54,141
13:13:50:411807,28,126,147,236,174,42,82,35,50
13:13:50:542084,175,129,54,137,162,242,130,252,3
13:13:50:665909,85,128,222,220,165,124,244,76,159
13:13:50:781936,244,105,72,229,31,48,3,47,197
13:13:50:898954,135,167,157,137,184,75,137,38,255
13:13:51:14999,190,238,250,247,105,72,2,88,34
13:13:51:134048,235,207,9,215,124,239,55,63,205
13:13:51:254507,47,254,95,143,178,228,129,238,32
13:13:51:372518,114,228,222,149,180,12,63,252,27
13:13:51:487938,216,147,125,16,250,251,36,11,229
13:13:51:602936,46,75,203,29,246,168,100,149,109
13:13:51:717095,90,167,190,154,176,193,234,194,190
13:13:51:827272,218,216,171,63,220,93,82,63,105
13:13:51:941266,13,180,77,133,185,39,72,23,140
13:13:52:51005,214,222,130,216,45,50,157,19,142
13:13:52:166318,15,134,52,221,40,94,214,148,158
13:13:52:279110,230,6,123,1,213,235,254,144,45
13:13:52:390298,7,35,44,230,249,54,125,80,245
13:13:52:503048,102,182,55,114,202,92,80,208,234
13:13:52:614317,79,107,225,193,252,126,93,200,29
13:13:52:724807,112,65,197,68,15,198,65,134,71
13:13:52:832342,110,25,48,92,45,133,221,69,82
13:13:52:943240,48,215,107,7,188,125,146,205,194
13:13:53:51249,105,98,104,231,223,45,195,2,30
13:13:53:163485,110,106,149,237,38,114,60,221,53
13:13:53:272415,121,241,138,7,149,132,230,45,164
13:13:53:384849,174,256,84,192,50,169,221,235,104
13:13:53:499935,234,184,94,192,98,222,13,216,239
13:13:53:611021,49,224,119,60,119,234,33,71,16
13:13:53:720083,39,251,199,130,114,144,52,212,232
13:13:53:829801,147,139,154,87,166,49,220,98,189
13:13:53:937956,54,222,74,179,225,158,231,27,142
13:13:54:49299,160,61,54,153,18,235,76,37,173
13:13:54:167180,165,148,214,36,87,163,65,37,57
13:13:54:274301,39,35,168,125,203,202,232,32,165
13:13:54:389359,55,10,205,232,249,34,45,124,5
13:13:54:501088,108,141,182,217,125,168,124,238,19
13:13:54:611379,64,101,189,231,193,100,24,10,104
13:13:54:720289,77,63,62,23,241,213,242,153,134
13:13:54:833854,167,110,146,145,214,114,166,47,145
13:13:54:944828,153,250,173,112,92,11,80,148,252
13:13:55:59646,218,110,87,121,220,242,203,119,201
13:13:55:181584,163,247,215,199,116,83,255,51,34
13:13:55:302596,140,256,149,176,18,6,199,103,6
13:13:55:427154,0,106,227,95,163,156,108,85,214
13:13:55:546456,96,38,45,75,191,18,185,100,145
13:13:55:663235,87,216,117,203,256,131,88,43,170
13:13:55:779842,128,139,14,54,63,4,131,11,134
13:13:55:894932,48,214,57,178,3,44,148,214,63
13:13:56:10945,134,155,48,229,44,92,144,185,68
13:13:56:129867,47,183,127,141,230,215,119,61,31
13:13:56:247099,52,49,115,45,172,105,106,26,77
13:13:56:360028,182,54,211,8,5,83,140,72,118
13:13:56:475983,217,144,11,42,59,62,88,103,149
13:13:56:622891,161,30,63,198,175,208,147,223,52
13:13:57:189637,2,116,199,78,138,137,172,191,23
13:13:57:425197,223,138,221,229,47,144,126,117,53
13:13:57:625199,246,43,225,70,216,0,30,72,208
13:13:57:814819,27,170,63,31,142,177,90,150,84
13:13:58:37055,97,40,192,17,103,79,169,114,52
13:13:58:230211,127,104,217,163,86,152,239,238,96
13:13:58:397503,53,84,79,36,10,157,50,132,138
13:13:58:560906,231,219,16,40,171,219,192,57,187
13:13:58:715330,231,183,103,25,180,4,77,246,111
13:13:58:866978,173,151,82,168,136,235,149,240,188
13:13:59:13067,116,148,36,132,32,233,206,155,118
13:13:59:158060,24,102,46,73,168,187,5,143,205
13:13:59:287704,152,128,182,169,134,19,13,49,54
13:13:59:413790,36,22,178,170,133,220,254,69,169
13:13:59:543317,92,197,218,0,209,32,152,148,123
13:13:59:687282,137,52,159,49,112,227,107,13,2
13:13:59:817485,173,76,175,72,59,219,127,48,188
13:13:59:940504,210,29,79,132,52,170,8,62,72
13:14:0:72074,133,237,251,153,18,180,42,253,143
13:14:0:192148,106,143,230,6,142,118,72,32,18
13:14:0:315990,31,116,112,22,173,82,115,216,235
13:14:0:439128,24,150,126,30,97,91,117,141,249
13:14:0:562370,110,44,173,147,220,162,29,41,21
13:14:0:687740,5,51,215,237,220,153,147,138,210
13:14:0:806963,250,73,84,35,92,225,148,95,149
13:14:0:920086,43,167,119,100,13,126,128,233,35
13:14:1:32897,50,94,180,123,63,56,72,15,108
13:14:1:150438,99,76,11,93,154,172,217,241,152
13:14:1:269928,145,130,69,71,211,195,230,147,69
13:14:1:393329,123,62,39,66,52,236,36,252,87
13:14:1:513613,169,28,186,69,210,112,71,239,231
13:14:1:630941,0,131,73,80,211,84,61,197,221
13:14:1:748278,130,93,231,224,89,51,242,43,203
13:14:1:871975,252,46,146,73,239,255,228,118,193
13:14:1:992130,196,121,180,119,2,216,22,32,20
13:14:2:111577,203,171,158,49,237,117,225,133,241
13:14:2:233269,66,71,6,255,130,206,97,205,227
13:14:2:354849,203,85,252,121,206,9,179,157,1
13:14:2:467541,71,126,22,205,207,180,50,103,145
13:14:2:579924,12,22,244,57,241,55,179,68,232
13:14:2:694631,12,191,254,54,168,16,199,242,245
13:14:2:813084,91,151,153,240,141,70,122,241,208
13:14:2:938042,238,177,182,92,170,107,152,78,204
13:14:3:60365,189,217,79,34,183,205,65,207,35
13:14:3:176883,53,91,0,167,227,44,64,194,72
13:14:3:299038,63,165,5,76,87,25,229,185,46
13:14:3:416011,149,219,8,209,112,190,75,129,40
13:14:3:534471,253,169,99,97,59,23,64,130,122
13:14:3:661860,158,70,42,72,11,76,161,99,195
13:14:3:785002,60,48,14,26,159,109,150,242,2
13:14:3:901959,162,52,75,110,23,28,106,236,232
13:14:4:15085,80,211,51,200,89,56,83,167,109
13:14:4:130134,131,12,172,92,241,90,176,239,145
13:14:4:249083,68,174,4,86,183,42,185,167,186
13:14:4:361905,170,112,227,70,116,206,114,36,214
13:14:4:481989,135,204,131,68,95,164,86,62,139
13:14:4:631380,122,252,199,92,102,248,81,47,118
13:14:4:768307,114,170,191,117,233,161,177,160,21
13:14:4:888084,126,112,165,186,140,251,116,163,131
13:14:5:7276,173,79,240,217,39,129,214,30,94
13:14:5:126061,7,158,92,19,226,147,96,243,59
13:14:5:257775,146,121,168,19,253,44,185,32,27
13:14:5:385180,78,250,188,27,26,193,157,73,167
13:14:5:509485,145,163,215,229,180,77,213,244,20
13:14:5:625047,106,192,9,231,91,102,71,137,154
13:14:5:741039,55,136,127,72,212,36,180,217,131
13:14:5:858304,191,79,70,187,205,217,205,122,189
13:14:5:979970,108,39,222,176,144,166,23,106,36
13:14:6:102317,218,245,113,31,185,6,222,172,163
13:14:6:219951,110,145,162,216,180,49,227,177,210
13:14:6:335445,207,188,91,244,142,205,12,43,197
13:14:6:455971,61,117,142,125,214,2,156,98,228
13:14:6:576049,44,108,80,163,235,220,248,144,79
13:14:6:692837,16,50,256,29,93,53,44,178,27
13:14:6:807960,118,145,252,60,66,250,132,81,42
13:14:6:921585,69,153,66,239,13,62,143,243,244
13:14:7:38891,149,6,4,216,225,180,14,207,254
13:14:7:163691,190,35,136,16,202,176,20,117,78
13:14:7:286101,93,130,58,204,14,66,240,160,85
13:14:7:403252,123,165,24,114,32,198,132,105,14
13:14:7:521918,46,36,176,149,149,240,138,234,249
13:14:7:637237,177,187,173,25,50,252,225,151,72
13:14:7:754528,147,89,93,86,44,249,156,160,180
13:14:7:872843,89,181,204,149,77,195,94,181,209
13:14:7:998870,144,4,244,139,213,25,193,225,202
13:14:8:125302,205,159,230,182,218,17,153,173,70
13:14:8:242511,88,79,85,45,247,192,185,97,241
13:14:8:358157,28,237,162,253,88,106,25,65,82
13:14:8:471297,155,127,227,15,251,252,133,124,140
13:14:8:589902,107,35,217,241,200,32,10,31,221
13:14:8:714159,160,92,84,207,251,57,10,225,22
13:14:8:839309,184,30,35,185,117,77,197,90,185
13:14:8:958478,97,33,179,58,95,204,16,95,61
13:14:9:72894,111,235,145,178,239,246,125,168,175
13:14:9:189182,133,219,232,242,242,225,139,40,157
13:14:9:303154,81,194,228,166,255,178,109,83,167
13:14:9:435342,208,231,25,118,212,83,227,33,27
13:14:9:561061,84,71,144,133,96,81,227,31,162
13:14:9:681170,182,112,187,155,248,172,60,0,126
13:14:9:794979,231,109,217,162,180,201,252,164,138
13:14:9:910802,46,165,51,150,5,75,183,175,240
13:14:10:24000,59,180,198,229,200,145,32,180,241
13:14:10:143356,208,100,122,226,231,254,120,102,44
13:14:10:261940,212,68,31,146,159,114,148,12,167
13:14:10:382068,124,102,160,245,222,133,38,221,201
13:14:10:501542,241,215,95,243,72,168,136,112,144
13:14:10:622963,199,239,113,194,133,145,40,72,185
13:14:10:754969,26,241,145,94,61,99,63,83,48
13:14:10:882311,102,131,85,114,89,59,151,14,165
13:14:11:4846,33,103,137,167,36,181,89,74,105
13:14:11:125081,166,130,43,15,4,67,144,105,0
13:14:11:245877,136,254,121,174,41,219,152,113,256
13:14:11:360602,46,241,115,77,83,38,180,35,35
13:14:11:490228,19,53,24,150,199,17,0,205,255
13:14:11:611467,95,132,203,85,113,99,75,173,150
13:14:11:731241,127,147,170,201,58,16,88,210,182
13:14:11:844617,12,102,149,44,169,159,232,82,96
13:14:11:958296,92,13,98,54,138,116,55,18,0
13:14:12:78943,108,134,148,85,96,85,141,168,51
13:14:12:208990,168,59,162,252,242,92,160,237,108
13:14:12:328846,183,42,64,207,255,90,250,154,72
13:14:12:444778,222,0,194,223,186,228,16,192,136
13:14:12:558670,154,61,220,17,151,129,174,243,138
13:14:12:673499,42,97,247,83,43,56,131,154,65
13:14:12:797938,155,147,29,212,240,10,131,170,21
13:14:12:923255,244,212,31,134,87,17,85,109,102
13:14:13:43048,112,55,101,237,226,22,83,161,180
13:14:13:156619,86,81,141,95,131,38,227,148,73
13:14:13:270338,106,122,239,222,35,115,143,144,94
13:14:13:383767,4,121,237,144,165,44,179,124,134
13:14:13:510826,201,96,118,46,40,209,98,149,215
13:14:13:632026,23,84,138,58,74,36,100,93,77
13:14:13:755065,34,108,187,207,162,64,105,53,8
13:14:13:877298,247,142,106,37,130,46,181,114,131
13:14:13:990014,253,1,158,32,92,149,85,130,148
13:14:14:113241,139,243,90,169,84,144,226,181,145
13:14:14:241502,157,90,132,256,197,16,167,229,234
13:14:14:359937,152,140,215,76,43,150,52,71,46
13:14:14:475615,4,97,148,185,67,144,57,48,57
13:14:14:588953,194,11,115,120,174,180,250,25,211
13:14:14:703875,138,27,205,33,249,21,97,32,31
13:14:14:817949,30,175,26,63,147,140,145,100,122
13:14:14:932570,250,3,234,187,25,246,211,45,69
13:14:15:47133,11,102,94,233,3,3,127,214,29
13:14:15:163701,190,198,145,124,196,175,110,47,18
13:14:15:276804,220,26,102,95,30,1,126,155,6
13:14:15:392345,60,111,73,144,11,156,233,114,240
13:14:15:505475,224,248,225,62,192,86,170,116,130
13:14:15:620806,154,107,60,188,0,126,32,174,91
13:14:15:736300,242,77,135,111,139,112,86,66,232
13:14:15:850678,196,154,203,135,183,113,82,42,41
13:14:15:964513,70,103,124,98,38,85,225,67,228
13:14:16:80073,255,219,171,131,34,201,91,193,247
13:14:16:202968,109,68,60,147,41,10,34,139,189
13:14:16:427168,230,36,74,30,249,104,155,12,54
13:14:16:647642,121,64,34,82,101,200,105,252,83
13:14:16:893559,155,99,244,95,76,126,253,121,65
13:14:17:33399,104,109,149,95,202,255,47,42,122
13:14:17:201308,103,60,18,203,79,66,200,103,83
13:14:17:334807,205,224,177,126,148,224,154,170,32
13:14:17:458116,104,129,256,112,2,199,18,256,247
13:14:17:590536,229,197,76,173,13,246,141,111,45
13:14:17:717791,245,207,173,75,215,170,21,97,174
13:14:17:836288,193,22,94,131,217,206,144,241,89
13:14:17:956443,209,31,9,201,131,68,99,60,147
13:14:18:74568,83,235,150,176,22,26,147,32,109
13:14:18:208186,217,107,12,206,172,217,166,54,98
13:14:18:345351,200,88,105,20,27,47,53,82,220
13:14:18:476558,84,31,202,19,248,125,150,120,170
13:14:18:615835,86,211,128,201,35,155,196,161,9
13:14:18:752790,106,53,147,158,232,138,158,67,223
13:14:18:888100,145,199,202,124,156,65,212,134,73
13:14:19:19990,206,77,108,140,248,186,103,91,105
13:14:19:143354,60,96,23,197,243,62,185,141,134
13:14:19:265022,58,132,69,71,185,186,240,180,107
13:14:19:389031,88,237,225,49,202,177,56,4,228
13:14:19:513940,13,26,142,165,6,140,59,232,8
13:14:19:638079,171,59,108,205,203,163,39,58,113
13:14:19:767029,103,93,125,130,123,170,132,145,96
13:14:19:897146,96,99,83,18,137,238,235,80,79
13:14:20:24301,104,35,58,168,230,186,15,19,131
13:14:20:153327,77,27,188,139,79,52,175,205,8
13:14:20:281188,205,20,246,131,41,120,91,229,67
13:14:20:399783,71,209,202,228,35,46,6,128,5
13:14:20:512926,154,1,41,26,77,25,86,23,82
13:14:20:630059,24,120,148,248,50,114,69,227,141
13:14:20:745028,253,233,222,254,211,39,210,54,157
13:14:20:898147,179,172,45,133,233,158,13,256,207
13:14:21:57451,117,249,156,170,120,71,51,107,56
13:14:21:179037,110,62,131,110,122,41,124,189,24
13:14:21:303064,152,0,245,238,168,225,3,164,116
13:14:21:430295,63,179,79,7,227,29,114,102,17
13:14:21:559931,58,234,219,117,68,16,111,217,97
13:14:21:680488,44,165,17,114,70,123,230,132,37
13:14:21:800047,243,28,67,134,91,170,116,18,94
13:14:21:914503,128,220,139,15,126,177,31,61,186
13:14:22:28042,73,252,243,204,173,28,99,171,232
13:14:22:159999,65,119,190,18,253,97,174,170,170
13:14:22:276432,100,39,90,155,79,158,34,215,243
13:14:22:392741,152,131,62,116,230,180,77,138,152
13:14:22:513897,33,140,58,231,236,115,216,156,56
13:14:22:633870,156,52,5,237,119,189,137,254,173
13:14:22:753012,106,62,97,75,230,256,191,189,33
13:14:22:878680,179,5,111,146,255,95,33,230,72
13:14:22:997203,60,22,94,228,247,84,84,197,213
13:14:23:131967,73,6,203,25,186,123,155,233,26
13:14:23:269216,50,245,197,106,179,96,190,69,95
13:14:23:812955,187,234,136,224,17,46,117,130,105
13:14:24:241585,119,136,101,3,99,182,237,176,229
13:14:24:418083,106,131,129,195,204,13,84,155,184
13:14:24:637985,168,64,215,55,231,229,200,186,50
13:14:24:983068,46,24,214,200,7,125,0,47,200
13:14:25:351535,123,93,185,169,12,248,124,34,111
13:14:25:799301,232,238,163,200,14,239,237,0,16
13:14:26:89079,195,65,214,83,55,227,98,250,254
13:14:26:234733,16,90,31,156,34,163,110,103,61
13:14:26:375158,164,121,90,186,105,230,74,254,210
13:14:26:611933,94,62,206,90,180,64,95,227,212
13:14:26:886948,204,37,206,18,71,237,91,41,248
13:14:27:93640,56,26,90,128,22,49,164,80,47
13:14:27:539173,148,231,193,34,184,161,24,255,175
13:14:27:729445,199,53,188,74,192,187,165,125,155
13:14:27:888413,30,29,122,81,179,70,58,141,180
13:14:28:30252,122,123,104,245,90,23,251,111,250
13:14:28:188378,42,2,49,206,224,11,100,134,30
13:14:28:365081,145,101,40,37,104,230,243,94,242
13:14:28:510730,67,93,133,165,204,169,201,189,18
13:14:28:647851,249,83,244,235,150,41,187,147,214
13:14:28:779925,139,245,150,144,12,72,134,94,254
13:14:28:910548,24,76,40,210,153,43,150,166,175
13:14:29:204164,253,168,204,209,118,183,151,245,21
13:14:29:341908,83,122,113,183,189,102,49,94,141
13:14:29:477352,232,50,79,4,45,229,211,26,125
13:14:29:609326,206,37,13,60,205,156,232,60,17
13:14:29:737885,159,249,11,160,122,222,185,224,83
13:14:29:878156,208,214,214,228,47,154,40,189,41
13:14:30:4570,35,208,140,111,227,34,221,44,121
13:14:30:129869,95,10,196,58,103,58,8,163,172
13:14:30:254472,97,135,95,209,239,74,66,124,118
13:14:30:374633,135,104,125,52,253,17,74,169,167
13:14:30:496043,248,39,242,119,200,228,101,135,204
13:14:30:619312,143,1,63,17,121,54,256,167,47
13:14:30:742852,217,202,72,165,39,162,175,102,194
13:14:30:865873,63,113,109,72,223,222,47,50,50
13:14:30:982150,1,12,141,145,17,145,95,226,56
13:14:31:97038,150,51,234,244,42,105,111,89,138
13:14:31:212489,14,134,251,73,3,94,159,122,132
13:14:31:329438,207,196,211,60,5,3,172,203,205
13:14:31:447224,72,245,72,15,104,187,51,58,238
13:14:31:566146,214,223,39,211,9,71,134,81,129
13:14:31:684832,69,145,185,162,210,97,144,198,117
13:14:31:800790,205,154,17,173,55,214,36,231,120
13:14:31:916764,95,204,20,175,162,194,6,236,174
13:14:32:122728,36,5,234,70,247,109,95,24,146
13:14:32:243163,115,60,43,188,59,63,91,131,42
13:14:32:364042,256,132,13,102,62,132,252,19,80
13:14:32:485877,97,90,109,54,202,249,35,85,205
13:14:32:800957,83,228,189,86,97,151,9,85,168
13:14:32:939287,104,60,5,141,155,9,40,208,67
13:14:33:77073,43,205,116,202,124,203,110,55,123
13:14:33:204086,100,232,14,138,214,245,218,56,231
13:14:33:336101,235,39,32,8,165,160,235,37,208
13:14:33:578052,125,256,3,146,12,206,193,25,161
13:14:33:706645,208,207,13,64,86,44,118,29,84
13:14:33:833735,171,66,91,192,33,154,217,136,8
13:14:33:961849,45,237,246,98,232,216,225,202,64
13:14:34:84590,78,256,164,148,102,184,189,224,11
13:14:34:202986,12,25,188,78,160,93,62,235,91
13:14:34:329832,45,124,164,174,18,82,214,146,62
13:14:34:451858,33,162,126,161,254,149,241,12,143
13:14:34:569317,208,110,128,127,69,91,134,253,158
13:14:34:678950,111,246,198,24,206,174,203,17,79
13:14:34:792187,174,214,163,242,216,113,102,28,23
13:14:34:906990,30,255,81,221,254,50,160,112,157
13:14:35:23291,160,246,189,77,154,132,104,28,66
13:14:35:141145,151,137,205,115,12,122,53,109,175
13:14:35:255048,251,29,86,106,108,111,7,215,224
13:14:35:364889,2,50,12,110,85,222,108,87,123
13:14:35:483114,178,196,198,90,100,16,245,2,250
13:14:35:596903,33,7,108,216,0,49,77,197,206
13:14:35:705978,254,51,85,154,195,103,231,156,216
13:14:35:814787,236,208,130,218,64,196,125,171,25
13:14:35:928449,149,240,237,180,97,59,55,168,179
13:14:36:55179,112,49,46,66,178,153,66,11,121
13:14:36:247192,246,72,66,239,242,164,107,239,210
13:14:36:374793,14,146,120,83,190,38,53,122,28
13:14:36:495537,172,244,143,183,25,247,35,6,144
13:14:36:619947,227,177,91,18,71,60,94,23,218
13:14:36:807867,185,246,36,189,93,82,189,129,158
13:14:36:981937,124,48,43,20,87,1,121,157,215
13:14:37:121888,231,122,183,113,145,20,124,37,234
13:14:37:284803,125,75,190,36,197,14,196,165,130
13:14:37:474990,104,133,84,82,69,254,121,35,124
13:14:37:604623,238,51,240,132,82,30,37,16,162
13:14:37:742959,152,69,209,86,164,186,251,244,38
13:14:37:996961,191,233,97,105,157,7,197,151,227
13:14:38:214216,222,249,188,155,184,223,130,37,232
13:14:38:424619,105,182,241,92,93,103,133,77,20
13:14:38:578237,57,110,54,48,55,220,52,198,13
13:14:38:719320,98,228,119,58,249,48,7,128,92
13:14:38:866427,45,137,59,201,200,89,138,117,20
13:14:39:69513,223,108,140,10,152,34,243,55,5
13:14:39:251909,152,89,97,122,246,98,19,141,9
13:14:39:436135,248,69,29,212,45,20,55,109,144
13:14:39:605931,96,126,141,142,33,136,250,213,227
13:14:39:738829,245,32,59,97,32,83,53,195,216
13:14:39:962035,9,169,218,152,139,202,109,207,255
13:14:40:107111,203,188,59,37,220,246,79,216,30
13:14:40:262456,235,169,142,11,111,100,29,46,207
13:14:40:449864,55,26,106,8,98,219,176,249,5
13:14:40:590366,71,77,64,253,201,22,127,69,160
13:14:40:720029,80,155,53,169,100,46,112,45,141
13:14:40:845578,80,72,44,4,72,166,129,74,169
13:14:40:974755,213,206,36,228,53,91,27,3,181
13:14:41:101071,65,118,214,28,237,202,179,106,204
13:14:41:232993,186,86,102,81,129,65,106,225,111
13:14:41:421231,115,231,27,142,121,45,226,203,53
13:14:41:563333,205,204,200,107,67,97,204,104,89
13:14:41:687791,195,215,211,246,256,181,71,158,21
13:14:41:817987,62,176,113,225,102,209,31,29,57
13:14:41:982829,39,193,237,125,169,107,151,42,71
13:14:42:138039,155,94,0,254,47,24,210,198,126
13:14:42:315440,254,193,152,109,85,104,235,44,210
13:14:42:444057,154,149,83,40,90,242,9,249,144
13:14:42:566124,56,237,47,207,227,22,162,115,65
13:14:42:702025,23,170,129,63,68,18,225,19,216
13:14:42:834948,173,1,189,127,157,2,25,30,117
13:14:42:960233,221,248,95,237,136,60,213,106,32
13:14:43:82230,49,0,205,56,83,229,182,159,109
13:14:43:252854,94,226,219,49,239,6,188,0,225
13:14:43:421015,249,185,65,79,242,234,185,95,51
13:14:43:556981,195,120,124,120,155,241,61,116,250
13:14:43:688890,67,33,84,54,217,134,178,207,55
13:14:43:820867,232,109,214,91,119,20,1,32,79
13:14:43:948130,75,188,61,46,192,146,8,121,141
13:14:44:73862,241,169,209,82,116,240,89,30,91
13:14:44:190227,93,57,212,54,131,39,131,131,194
13:14:44:313807,205,195,164,29,66,180,225,52,228
13:14:44:443839,214,181,180,246,99,183,153,12,254
13:14:44:562049,54,120,104,252,217,150,55,24,60
13:14:44:676189,146,155,83,73,246,110,37,63,49
13:14:44:791146,127,122,75,231,47,147,201,57,247
13:14:44:908813,134,203,27,175,89,178,247,239,87
13:14:45:24902,156,84,226,229,39,67,163,49,2
13:14:45:140399,87,195,22,156,20,124,88,55,254
13:14:45:252061,44,119,151,6,173,32,38,136,212
13:14:45:369173,112,26,72,82,141,110,214,241,94
13:14:45:483292,16,192,25,175,125,28,3,39,103
13:14:45:592147,242,254,163,254,230,253,86,227,215
13:14:45:706159,1,127,106,212,18,108,3,146,2
13:14:45:815770,248,244,102,233,189,221,79,148,21
13:14:45:931722,42,42,152,62,131,237,215,116,120
13:14:46:41000,191,244,217,180,158,66,182,190,232
13:14:46:153003,88,77,26,238,61,209,242,114,30
13:14:46:263621,6,202,101,24,105,180,198,7,149
13:14:46:376067,2,134,206,165,65,7,191,184,183
13:14:46:485724,130,6,56,86,86,3,109,215,139
13:14:46:593046,240,21,62,173,65,140,72,24,199
13:14:46:706902,56,76,223,72,40,178,232,54,99
13:14:46:817597,195,194,129,205,51,170,186,51,31
13:14:46:933155,222,176,227,62,173,64,194,104,214
13:14:47:44835,139,160,159,137,0,42,210,21,162
13:14:47:163297,124,121,199,100,44,91,65,254,72
13:14:47:278887,115,37,200,92,150,35,51,135,200
13:14:47:386282,182,238,138,23,235,97,13,126,46
13:14:47:502190,211,251,232,25,252,79,64,56,91
13:14:47:617334,52,256,121,132,219,167,191,44,0
13:14:47:726220,220,71,37,76,90,13,109,217,30
13:14:47:839122,62,31,58,29,123,179,255,202,186
13:14:47:953126,167,137,94,166,249,213,19,120,27
13:14:48:68450,6,143,189,39,211,81,215,10,94
13:14:48:178190,242,125,170,25,80,185,120,14,166
13:14:48:291545,251,182,78,163,131,243,4,166,215
13:14:48:404048,113,94,197,116,6,4,58,198,100
13:14:48:515293,109,10,1,51,180,3,165,254,237
13:14:48:626667,206,55,166,146,135,66,80,90,140
13:14:48:730599,206,148,255,192,193,164,94,54,246
13:14:48:841794,163,59,4,124,160,109,210,168,46
13:14:48:951272,192,248,180,210,243,226,249,251,140
13:14:49:60691,212,122,206,25,227,252,137,247,230
13:14:49:178651,197,16,242,32,135,85,31,58,148
13:14:49:289301,21,26,125,29,218,26,81,120,144
13:14:49:428033,241,183,215,19,252,53,95,15,11
13:14:49:590331,113,249,200,144,29,217,70,77,114
13:14:49:730880,150,130,222,96,167,237,73,212,73
13:14:49:847860,215,252,121,86,180,5,173,218,149
13:14:49:965172,211,207,92,74,182,243,54,11,85
13:14:50:125538,183,82,206,168,205,117,143,208,192
13:14:50:298962,89,14,227,54,158,26,73,3,102
13:14:50:441195,177,109,7,150,114,91,192,229,131
13:14:50:571335,75,93,83,111,197,212,71,155,106
13:14:50:691256,239,42,217,54,6,59,65,207,74
13:14:50:825720,92,148,187,182,233,67,19,205,201
13:14:51:6915,101,200,108,140,212,132,52,42,230
13:14:51:153472,39,149,240,190,35,153,7,252,109
13:14:51:277371,35,215,131,110,169,68,254,117,130
13:14:51:398018,208,240,72,178,142,147,91,249,38
13:14:51:522018,239,42,247,46,66,93,72,210,23
13:14:51:687481,114,205,117,189,85,231,60,208,121
13:14:51:839842,69,104,91,252,203,185,149,176,1
13:14:51:977955,248,218,150,68,154,52,237,88,175
13:14:52:119179,149,189,56,16,190,18,5,131,92
13:14:52:244986,137,5,129,15,8,155,213,0,246
13:14:52:363371,125,214,123,185,218,96,38,53,240
13:14:52:488236,163,210,179,134,69,251,231,158,81
13:14:52:606584,239,136,179,177,103,134,124,67,12
13:14:52:730495,179,208,79,54,182,131,117,99,157
13:14:52:843744,71,31,119,137,9,12,201,70,147
13:14:52:961659,112,177,220,211,4,158,77,18,58
13:14:53:77835,147,234,256,251,220,186,220,165,54
13:14:53:190321,98,159,26,192,116,79,96,120,6
13:14:53:304738,30,56,252,256,60,74,160,184,256
13:14:53:423059,16,215,101,32,208,26,253,146,153
13:14:53:537049,8,151,44,122,224,199,76,229,143
13:14:53:951232,2,226,11,132,192,186,126,104,173
13:14:54:120871,126,55,162,151,69,180,142,95,37
13:14:54:269599,250,186,23,135,179,97,118,232,10
13:14:54:507802,16,153,51,8,89,235,149,113,160
13:14:54:665088,78,246,140,240,247,100,101,252,253
13:14:54:816920,63,143,235,73,72,11,29,191,196
13:14:54:971946,89,55,156,205,154,170,1,200,138
13:14:55:121001,194,83,28,15,36,93,129,206,39
13:14:55:320066,42,143,89,115,156,114,251,83,46
13:14:55:488885,139,55,251,68,52,147,32,88,205
13:14:55:634621,88,46,124,168,99,236,4,54,225
13:14:55:780991,42,196,184,252,251,125,202,210,154
13:14:55:930206,121,197,248,5,98,236,49,171,53
13:14:56:62995,46,83,144,199,117,52,197,120,195
13:14:56:202079,129,219,29,226,139,181,5,90,46
13:14:56:331679,139,159,92,219,51,205,89,129,164
13:14:56:463049,247,34,92,22,2,251,241,138,196
13:14:56:584298,62,194,60,40,172,63,227,48,180
13:14:56:710593,123,94,81,148,65,170,235,225,16
13:14:56:837468,134,163,223,234,36,222,64,101,127
13:14:56:959944,191,201,65,14,15,106,109,131,2
13:14:57:82995,42,162,97,254,75,36,79,2,202
13:14:57:205248,78,180,254,214,251,34,139,218,23
13:14:57:327132,33,169,86,78,21,48,62,146,228
13:14:57:449269,79,165,71,47,52,108,77,145,188
13:14:57:591126,251,108,9,157,7,218,17,127,79
13:14:57:734383,99,189,147,37,233,167,26,94,227
13:14:57:858466,118,161,181,63,131,71,100,93,68
13:14:57:986277,136,32,248,224,91,77,26,237,232
13:14:58:111180,234,155,106,13,229,120,66,156,20
13:14:58:251087,195,152,204,18,9,78,248,49,37
13:14:58:394062,233,184,167,30,184,46,184,9,164
13:14:58:521441,194,235,220,161,122,238,252,20,36
13:14:58:657109,220,19,213,54,74,51,246,253,226
13:14:58:770198,247,111,252,142,80,137,249,237,167
13:14:58:888110,123,78,194,242,109,185,193,138,187
13:14:59:1248,246,206,176,78,93,142,68,214,6
13:14:59:119954,218,88,230,203,150,129,211,1,161
13:14:59:371120,100,75,84,93,16,60,176,152,84
13:14:59:542874,31,51,108,78,35,248,149,68,233
13:14:59:672091,238,65,158,71,47,105,185,65,196
13:14:59:803763,162,225,244,123,26,125,108,206,213
13:14:59:937064,172,117,196,235,130,226,194,21,62
13:15:0:71859,36,157,119,67,17,199,246,190,180
13:15:0:197019,74,104,134,214,226,59,154,50,6
13:15:0:365159,227,121,256,62,147,33,43,47,14
13:15:0:498636,73,161,182,164,234,222,76,91,102
13:15:0:629160,94,8,29,133,137,161,54,210,46
13:15:0:753052,172,26,71,182,31,232,17,183,5
13:15:0:872834,195,253,71,212,107,49,42,111,245
13:15:0:994238,7,137,195,38,71,161,180,60,0
13:15:1:121151,232,187,245,24,145,201,53,219,154
13:15:1:248109,20,193,52,241,93,53,146,178,196
13:15:1:371774,169,33,171,112,230,179,21,214,72
13:15:1:489894,161,100,105,188,183,32,120,185,254
13:15:1:607050,51,198,133,94,101,139,58,0,217
13:15:1:717832,4,171,191,132,33,133,175,21,193
13:15:1:828168,236,169,255,214,4,130,91,146,124
13:15:1:945090,119,143,106,48,114,140,43,2,167
13:15:2:59840,215,176,24,178,188,227,74,86,75
13:15:2:173265,85,96,137,21,247,247,113,67,229
13:15:2:421354,236,206,16,80,162,194,76,112,222
13:15:2:587273,154,155,10,181,228,184,181,87,17
13:15:2:718076,9,133,254,126,27,42,89,188,70
13:15:2:846187,8,239,50,67,117,55,118,232,92
13:15:2:971125,80,250,234,9,39,125,177,175,53
13:15:3:99254,102,141,69,75,189,220,13,15,107
13:15:3:221211,64,148,145,40,77,140,16,127,163
13:15:3:341780,41,68,9,255,4,148,78,112,209
13:15:3:551055,11,74,99,244,189,237,253,94,81
13:15:3:676185,85,193,25,117,104,162,29,47,161
13:15:3:795402,136,64,238,199,6,222,60,140,35
13:15:3:912802,23,170,228,59,239,136,241,232,110
13:15:4:41798,20,191,83,97,56,125,77,88,90
13:15:4:344151,79,6,216,225,66,247,200,203,30
13:15:4:478982,173,121,94,3,178,44,159,30,113
13:15:4:607908,209,146,112,164,1,35,23,219,219
13:15:4:736904,223,146,129,35,200,101,57,65,113
13:15:4:879182,222,13,65,9,104,90,54,233,72
13:15:5:25060,60,65,115,213,155,103,79,31,25
13:15:5:152761,197,65,179,15,0,134,60,72,27
13:15:5:280815,20,4,227,81,166,58,111,35,171
13:15:5:404604,107,121,242,7,117,247,177,130,183
13:15:5:528962,139,175,137,3,179,223,73,41,166
13:15:5:764965,82,106,244,153,201,159,208,6,34
13:15:5:901270,250,57,4,63,228,256,189,68,8
13:15:6:31407,0,207,222,142,159,56,237,118,86
13:15:6:176322,155,213,52,190,141,13,200,97,237
13:15:6:306789,71,170,93,57,67,240,203,99,156
13:15:6:431772,118,73,53,151,40,77,99,21,85
13:15:6:556076,140,196,248,240,7,66,228,8,223
13:15:6:677563,137,35,61,118,69,138,58,85,148
13:15:6:801803,250,125,224,132,122,107,7,88,129
13:15:6:924808,71,134,65,114,203,67,129,118,210
13:15:7:41986,59,68,118,24,19,230,145,0,72
13:15:7:166078,220,196,155,160,121,184,9,221,106
13:15:7:287904,170,122,78,133,86,193,6,5,58
13:15:7:415224,184,38,112,89,214,4,88,36,61
13:15:7:540225,249,99,101,5,115,225,168,247,218
13:15:7:657275,113,12,208,146,112,164,135,210,84
13:15:7:776591,195,61,34,78,69,0,221,100,82
13:15:7:898820,15,97,96,13,113,29,8,27,197
13:15:8:18880,244,185,4,23,52,64,40,46,181
13:15:8:393271,13,139,51,152,173,246,215,208,181
13:15:8:573799,205,110,250,55,252,79,191,238,132
13:15:8:726260,132,188,166,228,41,37,230,213,101
13:15:8:877916,32,105,3,243,138,142,27,199,59
13:15:9:30027,251,225,167,224,46,256,129,123,59
13:15:9:170001,188,10,56,218,197,194,120,233,212
13:15:9:311363,111,49,203,145,138,118,124,227,64
13:15:9:476319,151,173,26,56,149,223,157,206,193
13:15:9:717716,104,56,171,55,181,33,88,31,239
13:15:9:853987,5,158,5,9,247,87,179,30,218
13:15:9:978960,67,211,36,97,252,131,198,177,83
13:15:10:114990,109,234,187,199,4,179,33,13,144
13:15:10:428190,249,142,130,114,226,89,139,179,164
13:15:10:577134,4,240,13,2,150,125,180,69,162
13:15:10:718638,80,66,122,62,219,56,133,56,211
13:15:10:851812,59,160,29,120,154,203,152,114,167
13:15:10:982930,245,165,240,78,22,191,91,156,44
13:15:11:152678,76,196,24,3,160,7,208,159,121
13:15:11:297809,42,71,94,209,152,218,219,98,111
13:15:11:425320,185,84,122,77,33,215,17,57,237
13:15:11:549812,55,49,75,76,17,249,194,209,41
13:15:11:675766,26,187,167,117,71,6,57,87,47
13:15:11:797739,180,12,206,131,108,215,98,202,189
13:15:11:922060,155,124,175,56,223,88,41,149,252
13:15:12:45149,126,150,68,233,85,92,220,167,202
13:15:12:169771,110,193,195,213,213,173,125,170,157
13:15:12:292041,110,152,179,82,77,77,29,170,28
13:15:12:405291,6,204,2,29,253,105,198,187,27
13:15:12:526635,161,250,49,43,18,76,180,178,133
13:15:12:649190,251,15,102,56,197,182,181,37,44
13:15:12:763049,190,96,226,135,21,238,49,187,33
13:15:12:880228,86,77,50,95,123,178,64,117,253
13:15:13:2138,212,5,103,206,29,119,77,221,110
13:15:13:118824,81,133,156,26,217,95,167,103,159
13:15:13:241809,109,91,239,161,233,81,100,227,43
13:15:13:380499,93,10,106,51,88,87,183,224,161
13:15:13:510120,134,13,241,118,159,154,234,244,51
13:15:13:634624,116,122,222,171,172,248,234,53,123
13:15:13:758738,135,22,193,214,231,153,3,162,148
13:15:13:881641,223,64,101,255,204,67,170,249,234
13:15:14:11078,144,184,161,149,239,175,73,55,225
13:15:14:151769,7,12,198,145,254,186,96,215,237
13:15:14:293156,182,93,163,55,28,148,13,63,233
13:15:14:435047,136,58,54,244,195,39,1,15,83
13:15:14:574319,149,106,134,14,92,54,15,187,35
13:15:14:715592,101,48,27,41,242,34,98,96,197
13:15:14:862932,36,67,177,124,12,11,23,118,193
13:15:14:976839,191,238,72,199,30,146,181,135,241
13:15:15:88193,48,147,94,16,5,55,117,157,230
